<?xml version="1.0" encoding="utf-8" ?>
<strings>
	
	<language type="zh_CN" using="true">
		<item key="inefficacy_save" value="\u8BF7\u5148\u4E0A\u4F20\u56FE\u7247\u6216\u7528\u6444\u50CF\u5934\u62CD\u7167\21" />
		<item key="camera_muted" value="\u65E0\u6CD5\u8FDE\u63A5\u5230\u6D3B\u52A8\u6444\u50CF\u5934\21" />
		<item key="camera_not_exist" value="\u6444\u50CF\u5934\u8BBE\u5907\u4E0D\u53EF\u7528\21" />
		<item key="face_save_success" value="\u5934\u50CF\u4FDD\u5B58\u6210\u529F\21" />
		<item key="face_save_error" value="\u5934\u50CF\u4FDD\u5B58\u8FC7\u7A0B\u4E2D\u53D1\u751F\u7F51\u7EDC\u9519\u8BEF\2C\20\u8BF7\u91CD\u8BD5\21" />
		<item key="face_saving" value="\u6B63\u5728\u4FDD\u5B58\u5934\u50CF\2C\20\u8BF7\u7A0D\u5019..." />
		<item key="face_save_ioerror" value="\u5934\u50CF\u4FDD\u5B58\u8FC7\u7A0B\u4E2D\u53D1\u751FI/O\u9519\u8BEF\21" />
		<item key="upload_volume_1M" value="\u8BF7\u91CD\u65B0\u9009\u62E9\u4F53\u79EF\u5C0F\u4E8E1M\u7684\u56FE\u7247\21" />
		<item key="upload_type_label" value="\u56FE\u7247\u6587\u4EF6" />
		<item key="upload_type_error" value="\u6587\u4EF6\u683C\u5F0F\u9519\u8BEF\21\20\u8BF7\u9009\u62E9jpg\u3001gif\u3001png\u683C\u5F0F\u7684\u56FE\u7247\u6587\u4EF6" />
		<item key="upload_uploading" value="\u56FE\u7247\u4E0A\u4F20\u4E2D\2C\u8BF7\u7A0D\u5019..." />
		<item key="upload_ioerror" value="\u6587\u4EF6\u4E0A\u4F20\u8FC7\u7A0B\u4E2D\u51FA\u73B0I/O\u9519\u8BEF\21" />
		<item key="upload_httperror" value="\u6587\u4EF6\u4E0A\u4F20\u8FC7\u7A0B\u4E2D\u51FA\u73B0HTTP\u9519\u8BEF\21" />
		<item key="upload_securityerror" value="\u6587\u4EF6\u4E0A\u4F20\u8FC7\u7A0B\u4E2D\u51FA\u73B0\u5B89\u5168\u9519\u8BEF\21" />
		<item key="upload_progress" value="\u6587\u4EF6\u5DF2\u4E0A\u4F20" />
		<item key="please_select_region" value="\u8BF7\u9009\u62E9\u5408\u9002\u533A\u57DF" />
		<item key="browse_file_cancel" value="\u53D6\u6D88\u9009\u62E9\u6587\u4EF6\uFF01" />
		<item key="callback_uploaded_ioerror" value="\u8C03\u7528\u5DF2\u4E0A\u4F20\u56FE\u7247\u8FC7\u7A0B\u4E2D\u53D1\u751F\u9519\u8BEF\21" />
		<item key="uploaded_invalid_type" value="\u4E0A\u4F20\u7684\u6587\u4EF6\u4E0D\u662F\u56FE\u7247\21" />
		<item key="preview_note" value="\u5934\u50CF\u7F16\u8F91\u6210\u529F\21\20\u4EE5\u4E0B\u662F\u4E09\u79CD\u5C3A\u5BF8\u7684\u9884\u89C8\u56FE\u7247\2C\20\u8BF7\u6309\3Cfont\20color\3D\22\23ff0000\22\3E\u786E\u5B9A\u6309\u94AE\3C/font\3E\u63D0\u4EA4\21" />
		<item key="gif_submitting" value="\u52A8\u753B\u4FDD\u5B58\u4E2D\2C\20\u8BF7\u8010\u5FC3\u7B49\u5019..." />
		<item key="gif_reopen" value="\u6253\u5F00\u52A8\u753B\u6587\u4EF6\u8FC7\u7A0B\u4E2D\u53D1\u751F\u9519\u8BEF\2C\20\u8BF7\u91CD\u8BD5..." />
		<item key="gif_frame_overflow" value="\u56FE\u7247\u5E27\u6570\u8FC7\u591A\2C\20\u8BF7\u91CD\u65B0\u9009\u62E9\u4E00\u5F20\u7B80\u5355\u4E00\u4E9B\u7684\u56FE\u7247..." />
		<item key="button_browse" value="\u9009\u62E9\u56FE\u7247" />
		<item key="button_camera_screen" value="\u62CD\u6444\u7167\u7247" />
		<item key="button_reset" value="\u91CD\u7F6E" />
		<item key="button_return" value="\u8fd4\u56de\u91cd\u65b0\u9009\u62e9" />
		<item key="button_save" value="\u9884\u89C8\u5934\u50CF" />
		<item key="button_submit" value="\u786E\20\u5B9A" />
		<item key="tab_upload" value="\u4E0A\u4F20\u56FE\u7247" />
		<item key="tab_camera" value="\u4F7F\u7528\u6444\u50CF\u5934" />
		<item key="note_right_text" value="\u9009\u62E9\u5408\u9002\u7684\u533A\u57DF" />
		<item key="note_right_move" value="\u79FB\u52A8" />
		<item key="note_right_zoom" value="\u7F29\u653E" />
		<item key="note_right_face" value="\u5934\u50CF\u9884\u89C8" />
		<item key="note_main" value="\u8BF7\u4ECE\u8BA1\u7B97\u673A\u4E2D\u9009\u62E9\u4E00\u5F20\u56FE\u7247\u4F5C\u4E3A\u5934\u50CF" />
		<item key="note_success" value="\u4e0a\u4f20\u6210\u529f!" />
		<item key="note_3size" value="\u4ee5\u4e0a\u662f\u60a8\u5934\u50cf\u7684\u4e09\u79cd\u5c3a\u5bf8" />
		<item key="button_finish" value="\u5B8C\u3000\u3000\u6210" />
		<item key="upload_downing" value="\u56fe\u7247\u8f7d\u5165\u4e2d, \u8bf7\u7a0d\u5019..." />
		<!--item key="common_saving" value="\u4fdd\u5b58\u4e2d..." /-->
		<item key="camera_no_device" value="\u65e0\u6cd5\u627e\u5230\u6444\u50cf\u5934\u8bbe\u5907" />
		<item key="js_connect_error" value="javascript\u901a\u8baf\u9519\u8bef, \u8bf7\u624b\u52a8\u5237\u65b0\u9875\u9762\u4ee5\u66f4\u65b0\u5934\u50cf" />
		<item key="player_ver_error">
			<value>
				<![CDATA[
					<font size='14' color='#FF0000'>\u60a8\u6240\u4f7f\u7528\u7684flash player\u7248\u672c\u8fc7\u65e7, \u8bf7\u53ca\u65f6<font color='#0000FF'><u>\u66f4\u65b0</u></font></font>
				]]>
			</value>
		</item>
	</language>
	
	<language type="zh_HK" using="false">
		<item key="inefficacy_save" value="\u8ACB\u5148\u4E0A\u50B3\u5716\u7247\u6216\u7528\u651D\u50CF\u982D\u62CD\u7167\21" />
		<item key="camera_muted" value="\u7121\u6CD5\u9023\u63A5\u5230\u6D3B\u52D5\u651D\u50CF\u982D\21" />
		<item key="camera_not_exist" value="\u651D\u50CF\u982D\u8A2D\u5099\u4E0D\u53EF\u7528\21" />
		<item key="face_save_success" value="\u982D\u50CF\u4FDD\u5B58\u6210\u529F\21" />
		<item key="face_save_error" value="\u982D\u50CF\u4FDD\u5B58\u904E\u7A0B\u4E2D\u767C\u751F\u7DB2\u7D61\u932F\u8AA4\2C\20\u8ACB\u91CD\u8A66\21" />
		<item key="face_saving" value="\u6B63\u5728\u4FDD\u5B58\u982D\u50CF\2C\20\u8ACB\u7A0D\u5019..." />
		<item key="face_save_ioerror" value="\u982D\u50CF\u4FDD\u5B58\u904E\u7A0B\u4E2D\u767C\u751FI/O\u932F\u8AA4\21" />
		<item key="upload_volume_1M" value="\u8ACB\u91CD\u65B0\u9078\u64C7\u9AD4\u7A4D\u5C0F\u4E8E1M\u7684\u5716\u7247\21" />
		<item key="upload_type_label" value="\u5716\u7247\u6587\u4EF6" />
		<item key="upload_type_error" value="\u6A94\u6848\u683C\u5F0F\u932F\u8AA4\21\20\u8ACB\u9078\u64C7jpg\u3001gif\u3001png\u683C\u5F0F\u7684\u5716\u7247\u6A94\u6848" />
		<item key="upload_uploading" value="\u5716\u7247\u4E0A\u8F09\u4E2D\2C\u8ACB\u7A0D\u5019..." />
		<item key="upload_ioerror" value="\u6587\u4EF6\u4E0A\u8F09\u904E\u7A0B\u4E2D\u51FA\u73FEI/O\u932F\u8AA4\21" />
		<item key="upload_httperror" value="\u6587\u4EF6\u4E0A\u8F09\u904E\u7A0B\u4E2D\u51FA\u73FEHTTP\u932F\u8AA4\21" />
		<item key="upload_securityerror" value="\u6587\u4EF6\u4E0A\u8F09\u904E\u7A0B\u4E2D\u51FA\u73FE\u5B89\u5168\u932F\u8AA4\21" />
		<item key="upload_progress" value="\u6A94\u6848\u5DF2\u4E0A\u8F09" />
		<item key="please_select_region" value="\u8ACB\u9078\u64C7\u5408\u9069\u5340\u57DF" />
		<item key="browse_file_cancel" value="\u653E\u68C4\u9078\u64C7\u6A94\u6848\21" />
		<item key="callback_uploaded_ioerror" value="\u8ABF\u7528\u5DF2\u4E0A\u8F09\u5716\u7247\u904E\u7A0B\u4E2D\u767C\u751F\u932F\u8AA4\21" />
		<item key="uploaded_invalid_type" value="\u4E0A\u8F09\u7684\u6A94\u6848\u4E0D\u662F\u5716\u7247\21" />
		<item key="preview_note" value="\u982D\u50CF\u7DE8\u8F2F\u6210\u529F\21\20\u4EE5\u4E0B\u662F\u4E09\u7A2E\u5C3A\u78BC\u7684\u9810\u89BD\u5716\u7247\2C\20\u8ACB\u6309\3Cfont\20color\3D\22\23ff0000\22\3E\u78BA\u5B9A\u6309\u9215\3C/font\3E\u63D0\u4EA4\21" />
		<item key="gif_submitting" value="\u52D5\u756B\u4FDD\u5B58\u4E2D\2C\20\u8ACB\u8010\u5FC3\u7B49\u5019..." />
		<item key="gif_reopen" value="\u6253\u958B\u52D5\u756B\u6587\u6A94\u904E\u7A0B\u4E2D\u767C\u751F\u932F\u8AA4\2C\20\u8ACB\u91CD\u8A66..." />
		<item key="gif_frame_overflow" value="\u5716\u7247\u5E40\u6578\u904E\u591A\2C\20\u8ACB\u91CD\u65B0\u9078\u64C7\u4E00\u5F35\u7C21\u55AE\u4E00\u4E9B\u7684\u5716\u7247..." />
		<item key="button_browse" value="\u9078\u64C7\u5716\u7247" />
		<item key="button_camera_screen" value="\u62CD\u651D\u7167\u7247" />
		<item key="button_reset" value="\u91CD\u7F6E" />
		<item key="button_return" value="\u8fd4\u56de\u91cd\u65b0\u9078\u64c7" />
		<item key="button_save" value="\u9810\u89BD\u982D\u50CF" />
		<item key="button_submit" value="\u78BA\20\u5B9A" />
		<item key="tab_upload" value="\u4E0A\u8F09\u5716\u7247" />
		<item key="tab_camera" value="\u4F7F\u7528\u651D\u50CF\u982D" />
		<item key="note_right_text" value="\u9078\u64C7\u5408\u9069\u7684\u5340\u57DF" />
		<item key="note_right_move" value="\u79FB\u52D5" />
		<item key="note_right_zoom" value="\u7E2E\u653E" />
		<item key="note_right_face" value="\u982D\u50CF\u9810\u89BD" />
		<item key="note_main" value="\u8ACB\u5F9E\u8A08\u7B97\u6A5F\u4E2D\u9078\u64C7\u4E00\u5F35\u5716\u7247\u4F5C\u70BA\u982D\u50CF" />
		<item key="note_success" value="\u4e0a\u8f09\u6210\u529f!" />
		<item key="note_3size" value="\u4ee5\u4e0a\u662f\u60a8\u982d\u50cf\u7684\u4e09\u7a2e\u5c3a\u78bc" />
		<item key="button_finish" value="\u5B8C\u3000\u3000\u6210" />
		<item key="upload_downing" value="\u5716\u7247\u8f09\u5165\u4e2d, \u8acb\u7a0d\u5019..." />
		<!--item key="common_saving" value="\u5b58\u5132\u4e2d..." /-->
		<item key="camera_no_device" value="\u7121\u6cd5\u627e\u5230\u651d\u50cf\u982d\u8a2d\u5099" />
		<item key="js_connect_error" value="javascript\u901a\u8a0a\u932f\u8aa4, \u8acb\u624b\u52d5\u5237\u65b0\u9801\u9762\u4ee5\u66f4\u65b0\u982d\u50cf" />
		<item key="player_ver_error">
			<value>
				<![CDATA[
					<font size='14' color='#FF0000'>\u60a8\u6240\u4f7f\u7528\u7684flash player\u7248\u672c\u904e\u820a, \u8acb\u53ca\u6642<font color='#0000FF'><u>\u66f4\u65b0</u></font></font>
				]]>
			</value>
		</item>
	</language>
</strings>